category,image_idx,dino_hit,dino_norm_dist,dino_smoothness,dino_coherence,dino_spread,sam_hit,sam_norm_dist,sam_smoothness,sam_coherence,sam_spread,radio_hit,radio_norm_dist,radio_smoothness,radio_coherence,radio_spread
backpack,00,True,0.022492047107281057,0.15033424,0.6057692307692307,2.335766423357664,True,0.07826607954172045,0.12463656,0.8998505231689088,1.7951219512195122,True,0.18325356697351206,0.17534174,0.9937106918238994,2.4466019417475726
backpack,01,True,0.046849142546299426,0.14938037,1.0,2.0802919708029197,True,0.161351742241655,0.13247207,0.9492753623188406,1.6634146341463414,True,0.11686176743102845,0.1698243,1.0,2.3106796116504853
backpack,02,True,0.16039452631841616,0.1703418,0.14285714285714285,3.9854014598540144,True,0.13345852031501435,0.12527901,0.5885885885885885,2.5682926829268293,True,0.26008532062610135,0.17300636,0.7448275862068966,4.12621359223301
backpack,03,True,0.16617292455769958,0.1637249,0.25,3.6496350364963503,False,0.4489847514819118,0.17317846,0.622568093385214,2.6341463414634148,True,0.3760474893178895,0.19772512,0.9615384615384616,3.466019417475728
backpack,04,True,0.1916567364225355,0.14509407,0.3023255813953488,1.7664233576642336,False,0.3448522138871227,0.18598703,0.7963483146067416,1.5341463414634147,False,0.31667128344115514,0.1721212,1.0,2.029126213592233
backpack,05,False,0.32765095323800986,0.15248825,0.35,2.627737226277372,False,0.2421310556514112,0.17991959,0.9963235294117647,2.2829268292682925,False,0.3822979296315956,0.18363765,0.9815950920245399,2.9902912621359223
backpack_dog,00,True,0.24473043889751123,0.13317294,0.48,2.4817518248175183,True,0.2461911750537388,0.14493044,0.9421052631578948,2.1731707317073172,True,0.21379160718651724,0.15820296,0.5974025974025974,2.3106796116504853
backpack_dog,01,True,0.11761556742293404,0.15035884,0.5,2.605839416058394,True,0.2393504560597202,0.13768566,0.9928571428571429,2.2829268292682925,True,0.12905316481648038,0.16563967,0.9894736842105263,2.5825242718446604
backpack_dog,02,True,0.11345101106020773,0.15041904,0.5294117647058824,3.153284671532847,True,0.2317478023091104,0.14232437,0.4457236842105263,3.024390243902439,True,0.09081254136227922,0.16653875,0.5909090909090909,3.203883495145631
backpack_dog,03,True,0.21675159170008826,0.13919042,0.45,2.0802919708029197,True,0.0815424754737458,0.17799798,0.5517241379310345,4.375609756097561,True,0.2132377504957427,0.19489434,0.8235294117647058,2.0194174757281553
backpack_dog,04,True,0.154334050710742,0.15420477,0.23076923076923078,2.759124087591241,True,0.27364483967331393,0.15309623,0.5009345794392523,2.4585365853658536,True,0.19882709670914622,0.16527958,0.527027027027027,2.796116504854369
barn,00,False,0.36613537343969776,0.12697305,0.7571428571428571,1.905109489051095,False,0.6468284044754673,0.11696896,0.2328042328042328,2.8780487804878048,False,0.4646674148319394,0.14870232,0.9690721649484536,1.941747572815534
barn,01,True,0.1270774603908075,0.12043644,0.4090909090909091,2.335766423357664,True,0.07766220197934637,0.108422436,0.2,2.3634146341463413,True,0.039513986791253286,0.14565988,0.9532710280373832,2.3592233009708736
barn,02,True,0.19180085478447684,0.12795089,0.7169811320754716,2.408759124087591,True,0.03432335818382987,0.113682196,0.24468085106382978,4.782926829268293,False,0.35085839628111887,0.14646903,1.0,2.4466019417475726
barn,03,True,0.1724623649940659,0.12179573,0.6851851851851852,2.18978102189781,True,0.0690190386747964,0.11379364,0.2560386473429952,5.365853658536586,False,0.26044959169266146,0.13094918,1.0,2.2718446601941746
barn,04,True,0.029567805293453608,0.12130909,0.3333333333333333,2.2627737226277373,False,0.3642235230076952,0.12304529,0.30666666666666664,2.6878048780487807,True,0.12369170940931212,0.14817621,0.9545454545454546,2.4466019417475726
barn,05,False,0.3248717337388215,0.14815246,0.379746835443038,3.510948905109489,False,0.43609416728945855,0.11265225,0.22253521126760564,4.017073170731707,True,0.2650427912782339,0.14179568,0.9951923076923077,4.349514563106796
barn,06,True,0.14318438108199052,0.12499914,0.4642857142857143,2.6496350364963503,False,0.27255493027429034,0.11287832,0.23809523809523808,2.5853658536585367,False,0.16947562484674547,0.16034727,1.0,2.7184466019417477
bear_plushie,00,False,0.5059349507578976,0.12747534,0.88,1.4306569343065694,False,0.45181495598735955,0.114493795,0.9710982658959537,7.024390243902439,True,0.23773381585438963,0.20693688,1.0,1.6407766990291262
bear_plushie,01,False,0.17313902553392013,0.1495654,0.7735849056603774,2.18978102189781,True,0.11130360713450638,0.13263223,0.8862559241706162,2.370731707317073,True,0.21383701941610403,0.18920766,1.0,2.796116504854369
bear_plushie,02,True,0.17164837726093898,0.14333948,0.34210526315789475,2.605839416058394,True,0.10929240098054606,0.17552431,0.9028925619834711,2.4585365853658536,True,0.1954928886472474,0.18374133,1.0,2.970873786407767
bear_plushie,03,True,0.19312725093528782,0.1546641,0.52,2.854014598540146,True,0.05023722503378911,0.14670481,0.7355242566510172,2.6878048780487807,True,0.25314477210641684,0.20597383,0.9953488372093023,3.1067961165048543
bear_plushie,04,True,0.09044586539440182,0.15467855,0.34146341463414637,2.8905109489051095,False,0.33189332716250236,0.15569055,0.8908227848101266,2.65609756097561,False,0.360352804879751,0.19349037,0.995260663507109,3.3009708737864076
berry_bowl,00,True,0.17557645346015172,0.14510392,0.18309859154929578,3.7445255474452557,True,0.15981700293003398,0.1516066,0.9420131291028446,4.470731707317073,False,0.4346113966581614,0.16981877,0.9408284023668639,3.9611650485436893
berry_bowl,01,True,0.2939807866314266,0.13237046,0.2,3.3284671532846715,False,0.26416854297090103,0.13171922,0.3620253164556962,3.073170731707317,True,0.13735290913280598,0.16354103,0.6699029126213593,3.8446601941747574
berry_bowl,02,True,0.2228056156466892,0.13899824,0.3,2.9562043795620436,False,0.2044513039799352,0.13617773,1.0,4.390243902439025,True,0.15396761742937815,0.17274795,0.6237623762376238,5.12621359223301
berry_bowl,03,False,0.6388425091929797,0.1164079,0.8333333333333334,2.759124087591241,False,0.8516888512525814,0.12770353,0.34606741573033706,2.419512195121951,False,0.5769529065461638,0.14653395,1.0,2.970873786407767
berry_bowl,04,True,0.20428185982899014,0.13394848,0.36363636363636365,2.9197080291970803,True,0.04125139089730499,0.13927877,0.2857142857142857,3.3268292682926828,True,0.15919195886598575,0.1620193,1.0,2.7766990291262137
berry_bowl,05,True,0.15633082299761542,0.12982428,0.14285714285714285,2.372262773722628,True,0.16351466319697278,0.13045017,0.47836538461538464,5.617073170731707,True,0.08586799285258506,0.16468216,0.89,3.466019417475728
can,00,False,0.3244643743781259,0.15576944,0.21052631578947367,2.5182481751824817,True,0.22216720072530222,0.11232088,0.48535564853556484,3.292682926829268,True,0.21958436919900134,0.13648057,0.25925925925925924,2.650485436893204
can,01,True,0.232685618426875,0.14776912,0.19230769230769232,2.5182481751824817,True,0.23757370852304335,0.1107955,0.3375,1.946341463414634,True,0.16882224940424098,0.12179313,0.125,2.7184466019417477
can,02,True,0.18407825448529527,0.13197733,0.46153846153846156,2.167883211678832,True,0.14898971091476784,0.16035464,0.3076923076923077,9.37560975609756,True,0.2125127586786629,0.1220032,0.2,1.4563106796116505
can,03,False,0.9829744225268188,0.13987233,0.25,1.7080291970802919,False,0.9510834118658881,0.11940982,0.35714285714285715,7.2439024390243905,False,0.7505711272352813,0.12683731,0.2222222222222222,1.3592233009708738
can,04,True,0.14793935590767018,0.14866537,0.0,2.5182481751824817,False,0.3660987977760753,0.11167033,0.30970149253731344,3.902439024390244,True,0.25094107388361236,0.12446088,0.14285714285714285,2.3980582524271843
can,05,False,0.5197623630272912,0.11242165,0.0,1.3868613138686132,False,0.7874975194375764,0.1222187,0.7366255144032922,5.2682926829268295,True,0.2790984261581268,0.11361967,0.2222222222222222,1.5533980582524272
candle,00,True,0.2994221426282713,0.090314895,0.5333333333333333,2.627737226277372,True,0.22763424218127204,0.118872814,0.521978021978022,6.546341463414634,False,0.5032392998629089,0.16357164,1.0,6.067961165048544
candle,01,True,0.25142662911237895,0.11455978,0.7727272727272727,1.532846715328467,False,0.4954834233189227,0.14134943,0.7148760330578512,3.317073170731707,False,0.4637430456522984,0.1681301,1.0,1.6407766990291262
candle,02,True,0.017380143400266317,0.13309078,0.7692307692307693,1.635036496350365,True,0.18922033907321978,0.13646346,0.5434782608695652,6.695121951219512,True,0.14964689305270318,0.1832731,0.6818181818181818,1.2815533980582525
candle,03,True,0.13995573661653998,0.17779173,0.625,1.8686131386861313,True,0.15741954547118797,0.14247812,0.3627450980392157,4.660975609756098,True,0.1585301032109047,0.21644941,0.6086956521739131,1.9029126213592233
candle,04,True,0.277156340389369,0.11320811,0.4166666666666667,1.4306569343065694,True,0.32432085776094627,0.16949414,0.7547169811320755,2.970731707317073,True,0.16547840625014892,0.15400761,0.9069767441860465,1.5145631067961165
cat,00,False,0.3872717544940381,0.12316863,0.0,3.065693430656934,False,0.29758211301379855,0.21621059,1.0,3.6707317073170733,False,0.29251097947818006,0.19641358,0.9906542056074766,4.194174757281553
cat,01,False,0.2833541063238012,0.108358,0.0,2.8905109489051095,True,0.029851530784310163,0.15339603,0.9971209213051824,2.6926829268292685,False,0.29806932934088054,0.16869488,1.0,3.495145631067961
cat,02,False,0.5556465556380767,0.10569143,0.0,2.335766423357664,False,0.3461009693510901,0.15884669,1.0,2.097560975609756,False,0.36547547518795515,0.17500342,1.0,3.262135922330097
cat,03,False,0.2645589767480608,0.10589214,0.0,2.854014598540146,True,0.15670470627063454,0.17321834,1.0,2.4682926829268292,True,0.016343341939684786,0.17926471,1.0,3.262135922330097
cat,04,False,0.41645417974836185,0.09325999,0.0,3.5328467153284673,True,0.14031767211568205,0.11178423,0.9927588703837799,2.4682926829268292,False,0.2436916556656036,0.1351762,0.9598393574297188,4.543689320388349
cat2,00,True,0.0571235863873952,0.120541595,0.0,2.2335766423357666,True,0.08994076758349494,0.1217411,1.0,2.029268292682927,True,0.12996531243402507,0.1788933,1.0,2.6407766990291264
cat2,01,True,0.17668550053793752,0.11018588,0.0,1.7080291970802919,True,0.09273193027732231,0.12286688,1.0,2.6170731707317074,True,0.180384608538816,0.1513908,0.9602888086642599,3.1067961165048543
cat2,02,True,0.3132648629880717,0.11001707,0.0,2.3503649635036497,True,0.10337795226075737,0.12929331,1.0,2.546341463414634,True,0.2968124203037516,0.16270263,0.9781818181818182,3.203883495145631
cat2,03,True,0.14720390732676758,0.10693879,0.0,2.18978102189781,True,0.1548650170950611,0.1165905,0.962223806129722,3.2,True,0.11206184671243288,0.13985279,0.8880597014925373,2.796116504854369
cat2,04,True,0.18472517755629786,0.12180984,0.0,2.335766423357664,True,0.20369577751830723,0.14213067,0.9245867768595041,2.4048780487804877,True,0.2306857777736655,0.17483115,1.0,3.1359223300970873
cat_statue,00,True,0.08741682316346013,0.1338132,0.21951219512195122,1.8394160583941606,True,0.06385123849053095,0.119495265,0.8286713286713286,2.2439024390243905,False,0.33548249715647505,0.13034578,0.94375,2.2135922330097086
cat_statue,01,False,0.12262389604489833,0.11654181,0.25,2.605839416058394,True,0.07156783610371226,0.11879257,0.7505827505827506,2.2536585365853656,True,0.21841749751124173,0.1324394,0.9696969696969697,2.0388349514563107
cat_statue,02,False,0.23585905486330827,0.12913845,0.25,1.8394160583941606,False,0.2679528819163141,0.1554064,0.38545454545454544,4.917073170731707,True,0.2694764894747264,0.15280955,0.8867924528301887,2.4466019417475726
cat_statue,03,False,0.33379264242514284,0.12399073,0.375,2.854014598540146,False,0.4605498300882474,0.1291793,0.5405940594059406,3.4341463414634146,False,0.29859447279780527,0.122534856,0.5128205128205128,3.1067961165048543
cat_statue,04,True,0.21700665456045262,0.119745895,0.35714285714285715,2.627737226277372,False,0.30192418246294694,0.12024487,0.7540983606557377,3.158536585365854,False,0.3210730846786543,0.14550298,0.9459459459459459,2.5242718446601944
cat_statue,05,True,0.16865210622553142,0.10870866,0.3333333333333333,2.4963503649635035,False,0.06405578792807487,0.138633,0.4883720930232558,6.397560975609756,True,0.28011522395459426,0.1336729,0.9310344827586207,2.6407766990291264
chair,00,False,0.5490264928600043,0.13761254,0.9719626168224299,2.335766423357664,False,0.687653122475074,0.13107143,0.6535433070866141,2.0926829268292684,False,0.5433800371609688,0.1332399,1.0,2.3106796116504853
chair,01,False,0.8420657931000526,0.14217551,0.8640776699029126,2.335766423357664,False,0.8342456746783796,0.12362914,0.665938864628821,1.951219512195122,False,0.7770188703451544,0.122789204,1.0,2.3106796116504853
chair,02,False,0.31829071308841095,0.14994207,0.8823529411764706,2.335766423357664,True,0.17341776181282506,0.16210929,0.33122362869198313,1.951219512195122,False,0.24086491950036304,0.15249303,1.0,2.3106796116504853
chair,03,True,0.01365455096006561,0.17574719,0.6521739130434783,4.021897810218978,True,0.315890629832642,0.14542249,0.5577557755775577,3.731707317073171,False,0.11855159611549626,0.16881791,0.6616541353383458,4.12621359223301
clock,00,True,0.2652402347479031,0.10659756,0.15789473684210525,2.0802919708029197,True,0.08510217128989199,0.15571024,0.9201005025125628,6.331707317073171,False,0.5793553867121656,0.13062225,0.8470588235294118,2.766990291262136
clock,01,True,0.36725092835979983,0.08390504,0.375,1.4233576642335766,False,0.5877630089062191,0.14375941,0.49178403755868544,4.507317073170731,True,0.07213022283074198,0.14059533,0.5185185185185185,1.2815533980582525
clock,02,True,0.2171386652391583,0.13416916,0.3333333333333333,3.102189781021898,False,0.5548551095943745,0.1679434,0.6346153846153846,3.2195121951219514,True,0.2278388744833965,0.16425075,0.2857142857142857,3.6407766990291264
clock,03,False,0.36488898562923294,0.09093505,0.7142857142857143,1.635036496350365,False,0.5151489421332665,0.124501444,0.731940818102698,6.331707317073171,True,0.10489395674732675,0.12128163,0.5789473684210527,2.1844660194174756
clock,04,True,0.20719003729505756,0.12610915,1.0,3.021897810218978,True,0.3120543890371882,0.1670512,0.43710021321961623,5.487804878048781,True,0.17357665071227246,0.16705449,0.38,3.8446601941747574
colorful_sneaker,00,False,0.5918200176899682,0.12033345,0.8333333333333334,1.532846715328467,False,0.593793951377884,0.11993552,1.0,6.439024390243903,False,0.5397215318741851,0.12537968,0.9523809523809523,1.6601941747572815
colorful_sneaker,01,False,0.2344597684109004,0.1245118,0.7894736842105263,2.7372262773722627,True,0.22953720307275757,0.17494756,0.6443768996960486,3.0439024390243903,True,0.2788912647329204,0.14096741,1.0,2.9029126213592233
colorful_sneaker,02,True,0.22496350001775767,0.16784371,0.2631578947368421,2.408759124087591,False,0.26865363350891575,0.13183919,0.28034682080924855,2.2439024390243905,True,0.23712276994478562,0.20158221,0.6,2.4271844660194173
colorful_sneaker,03,False,0.5198442649049475,0.11548493,1.0,1.9854014598540146,False,0.5207216237137782,0.14210963,0.4915254237288136,6.146341463414634,False,0.48567482416750907,0.14967225,1.0,1.6310679611650485
colorful_sneaker,04,False,0.41515498562091047,0.11357477,0.4838709677419355,1.8467153284671534,False,0.38456280856115016,0.16844726,0.9090909090909091,3.951219512195122,False,0.39842660697931387,0.14669791,0.9512195121951219,1.8349514563106797
colorful_teapot,00,False,0.4523003939505784,0.10820137,0.5,2.0802919708029197,False,0.6236937351854072,0.11298686,0.21226415094339623,3.6878048780487807,False,0.4142591678004146,0.1392346,0.7875,2.4466019417475726
colorful_teapot,01,False,0.4459322230742986,0.120493695,0.0,2.8905109489051095,True,0.2818409012278164,0.11222327,0.15451895043731778,4.2926829268292686,True,0.216628115030827,0.14072967,0.4935064935064935,2.766990291262136
colorful_teapot,02,True,0.1918899678319169,0.10403658,0.5,2.72992700729927,True,0.14487570487323626,0.09534035,0.41708542713567837,4.4487804878048784,True,0.1267644118580164,0.14878471,0.4520547945205479,2.766990291262136
colorful_teapot,03,True,0.3078657800984459,0.09149708,0.5,1.8394160583941606,False,0.7012665244772516,0.103194654,0.32669322709163345,6.6536585365853655,False,0.6214686304508601,0.12861235,0.8571428571428571,2.0194174757281553
colorful_teapot,04,True,0.3779612814315518,0.10881534,0.4,1.8394160583941606,False,0.6528537221574723,0.14265893,0.30067567567567566,6.619512195121951,True,0.3044011951035449,0.13259163,0.5517241379310345,2.0194174757281553
dog,00,True,0.4140886401002508,0.15114096,0.5434782608695652,2.759124087591241,True,0.09659742941594703,0.118793,0.9855658198614319,3.2195121951219514,True,0.2288218705095657,0.16200371,1.0,3.262135922330097
dog,01,True,0.23302546731152615,0.1215735,1.0,2.6350364963503647,True,0.16184410008354386,0.120843105,0.9633307868601986,2.5,True,0.21738520029125344,0.17356293,0.984,2.4854368932038833
dog,02,True,0.2933513547104991,0.1213517,0.0,2.0802919708029197,True,0.0960490105181345,0.14714535,0.9991809991809992,3.3292682926829267,True,0.04470167638177043,0.13641709,0.945,2.4854368932038833
dog,03,True,0.2061334454705871,0.12524216,0.0,1.9854014598540146,True,0.2645661367986271,0.14902605,0.9572506286672254,3.3,True,0.18578125756482283,0.14260237,0.9753086419753086,2.174757281553398
dog,04,True,0.1485243523152931,0.1318171,1.0,2.854014598540146,True,0.2506582474327078,0.11929518,0.9987944544906571,3.5121951219512195,True,0.14137204476831722,0.14980148,0.9967741935483871,3.495145631067961
dog2,00,True,0.2216393625208934,0.09673706,0.0,2.4525547445255476,True,0.2183499767828931,0.14615624,1.0,1.8439024390243903,False,0.35163062285852437,0.18654065,1.0,2.145631067961165
dog2,01,True,0.1304866005597957,0.121075876,0.0,4.204379562043796,True,0.1444035051068579,0.12763633,0.998631074606434,2.7365853658536587,True,0.2139905441038245,0.17735046,1.0,4.058252427184466
dog2,02,True,0.2658164795255938,0.121154524,0.0,4.445255474452555,True,0.13109744297576714,0.120011486,0.9994984954864594,4.302439024390244,True,0.19948553067237093,0.15623017,0.5635179153094463,3.9611650485436893
dog2,03,True,0.2359460900477467,0.099657804,0.0,2.9124087591240877,True,0.09190048294364218,0.10698044,0.9915074309978769,2.3341463414634145,True,0.20408522603852802,0.16061872,1.0,2.6407766990291264
dog2,04,True,0.10438397988081956,0.11951497,0.0,3.6934306569343067,True,0.17449973756680567,0.11003768,1.0,3.5121951219512195,True,0.10529944060622459,0.160481,0.9883268482490273,5.097087378640777
dog2,05,False,0.2875402178334701,0.097766444,0.0,3.9854014598540144,True,0.08016106187694698,0.183204,1.0,2.7585365853658534,True,0.22375940782803835,0.17876232,0.9775784753363229,3.6893203883495147
dog3,00,True,0.10724737587959553,0.1499206,0.23809523809523808,3.2846715328467155,True,0.1183969272060445,0.18146367,0.6878130217028381,3.4829268292682927,True,0.2150634031297155,0.20164296,0.9966216216216216,4.29126213592233
dog3,01,False,0.3979178264414492,0.11951312,0.0,3.065693430656934,True,0.24615789888388628,0.20231667,0.8,4.478048780487805,True,0.2245265424666337,0.17910564,1.0,2.796116504854369
dog3,02,True,0.22723277490842828,0.14974837,0.0,5.693430656934306,True,0.17148889179460697,0.21136487,1.0,3.7756097560975608,True,0.13612274841392843,0.1869273,0.9959016393442623,4.854368932038835
dog3,03,False,0.12362795469702509,0.13759099,0.0,3.5255474452554743,True,0.027310431705069336,0.16839305,1.0,2.8878048780487804,True,0.2714823297796084,0.18756406,0.9158878504672897,3.1067961165048543
dog3,04,True,0.0909347876360315,0.090156265,0.0,8.408759124087592,False,0.2816253549906494,0.21098174,0.6451612903225806,6.453658536585366,False,0.2915892190247085,0.15809791,0.9583333333333334,5.165048543689321
dog3,05,True,0.24028332126853955,0.14612696,0.0,5.54014598540146,True,0.2254347038058458,0.13033836,0.6821305841924399,3.324390243902439,True,0.19945292422493083,0.18357375,0.6108108108108108,5.349514563106796
dog4,00,True,0.06424842802264115,0.10039022,0.0,2.372262773722628,True,0.1233357986279803,0.099856704,0.8905325443786982,3.2512195121951217,True,0.059470266604089744,0.16090272,0.9745762711864406,1.9223300970873787
dog4,01,False,0.2995509171922704,0.09881884,0.0,1.897810218978102,False,0.4694756932534142,0.112747274,0.8338762214983714,5.258536585365854,True,0.2670962184635491,0.1538276,1.0,2.145631067961165
dog4,02,True,0.20768746207184646,0.09872526,0.0,2.408759124087591,True,0.15360368527292617,0.12211461,0.899736147757256,3.5414634146341464,True,0.2203733881972414,0.1548335,0.9777777777777777,2.3106796116504853
dog4,03,True,0.14744657151220403,0.09881038,0.0,2.5182481751824817,True,0.19330238705103409,0.1222939,0.8918269230769231,4.719512195121951,True,0.11162158073219769,0.15282889,0.9775280898876404,2.4466019417475726
dog4,04,True,0.21918023333030812,0.099002235,0.0,2.1094890510948905,True,0.2594770176764979,0.114001,0.8993839835728953,3.3804878048780487,True,0.14445447136163397,0.16673456,0.990909090909091,2.2718446601941746
dog5,00,False,0.48605891841438414,0.10217678,0.0,2.0802919708029197,False,0.33437561545304145,0.11418275,0.9338345864661655,2.0390243902439025,False,0.3954955363852112,0.12886268,0.9947368421052631,2.3980582524271843
dog5,01,False,0.2757770897403563,0.10695049,0.0,2.3576642335766422,True,0.19760929971239005,0.11232882,0.9206625980819529,2.8097560975609754,True,0.1686057538249782,0.1277645,1.0,4.194174757281553
dog5,02,False,0.2922331407212161,0.10234394,0.0,2.4817518248175183,True,0.1768045994390741,0.111694455,0.9273327828241124,2.926829268292683,True,0.1791126111026514,0.12426876,0.9724409448818898,3.533980582524272
dog5,03,True,0.12955689440231483,0.11374369,0.0,3.065693430656934,True,0.23186265694073108,0.111430615,0.9211267605633803,2.0926829268292684,True,0.1045940969404758,0.14908837,0.9901477832512315,2.912621359223301
dog5,04,False,0.27958436171268425,0.1006117,0.0,2.335766423357664,True,0.2049163856346101,0.11427397,0.9136054421768708,3.704878048780488,True,0.19737142102678318,0.11708799,1.0,4.621359223300971
dog6,00,True,0.31716549749293,0.119144194,0.0,4.37956204379562,True,0.25737973769295536,0.15277687,1.0,3.2439024390243905,True,0.20638194437201304,0.17029049,0.9971671388101983,5.359223300970874
dog6,01,False,0.32178636429836255,0.10878167,0.0,2.8905109489051095,True,0.17313748283923636,0.16011772,0.9329805996472663,3.3390243902439023,True,0.1855547461103318,0.14594054,0.9872881355932204,3.1359223300970873
dog6,02,True,0.06192388569722787,0.090881586,0.0,2.0875912408759123,True,0.12126160523338111,0.12329457,0.9534368070953437,2.048780487804878,True,0.09067919900062477,0.15016407,0.9809523809523809,1.8155339805825244
dog6,03,True,0.1723740704029898,0.0930062,0.0,2.408759124087591,True,0.10097507824523916,0.1211935,1.0,2.131707317073171,True,0.037520126625032194,0.1416316,0.8666666666666667,1.9223300970873787
dog6,04,False,0.27244538497074144,0.10988505,0.0,2.2481751824817517,True,0.09392679258367198,0.19573328,0.6282828282828283,6.351219512195122,True,0.11362736489204188,0.19955802,0.9879518072289156,1.8155339805825244
dog7,00,True,0.14380063492674763,0.12392037,0.0,2.9197080291970803,True,0.12337888046154713,0.15743735,1.0,2.8048780487804876,True,0.14667641281168584,0.20437022,1.0,2.7184466019417477
dog7,01,True,0.16780567922142892,0.12195806,0.0,2.408759124087591,True,0.07791438034059298,0.18744981,1.0,2.075609756097561,False,0.2996723958316688,0.18129751,1.0,2.145631067961165
dog7,02,True,0.2638510063697371,0.10636936,0.0,3.5328467153284673,True,0.1534581734526122,0.11511551,1.0,2.7804878048780486,True,0.2311059289227311,0.16070114,0.9810126582278481,3.495145631067961
dog7,03,True,0.10954398588057984,0.14346826,0.0,3.7226277372262775,True,0.15080006607829985,0.1924858,1.0,2.868292682926829,True,0.06634121134888764,0.19726874,0.9944444444444445,3.262135922330097
dog7,04,True,0.24102106608406854,0.13044219,0.0,4.197080291970803,True,0.061540687262314264,0.103809945,1.0,2.5951219512195123,True,0.20078630510770862,0.13284989,1.0,4.058252427184466
dog8,00,True,0.25599024949333954,0.11771642,0.0,1.897810218978102,False,0.3341640464410416,0.17425096,0.9952038369304557,4.782926829268293,False,0.18189851566108042,0.16158919,1.0,2.1844660194174756
dog8,01,True,0.11221373564003007,0.1126807,0.0,5.54014598540146,True,0.1338588435873607,0.15291385,0.9899216125419933,3.7,True,0.09475527739494619,0.16088396,0.92,3.466019417475728
dog8,02,True,0.21950706761057434,0.11006673,0.0,2.335766423357664,False,0.15285657126384555,0.12638526,0.5201465201465202,4.9,True,0.30102118593910004,0.17182797,0.84375,5.165048543689321
dog8,03,False,0.20217347301543542,0.11853613,0.0,4.445255474452555,True,0.1294112641478199,0.14781539,0.8492201039861352,3.731707317073171,False,0.17451259606762107,0.16083518,0.5932203389830508,4.194174757281553
dog8,04,False,0.10123649912374258,0.098597325,0.0,1.6788321167883211,False,0.09981039728478294,0.13903491,0.5953488372093023,4.214634146341464,False,0.1474301808857667,0.14919138,0.8297872340425532,1.8349514563106797
dog8,05,False,0.2503602289955741,0.10616011,0.0,5.255474452554744,False,0.2128583569339749,0.14007348,0.7091254752851711,4.4487804878048784,False,0.20833288528174004,0.1752807,0.2777777777777778,5.359223300970874
dog8,06,True,0.2159422777338188,0.10899857,0.0,3.3284671532846715,False,0.17813541910463002,0.16340378,1.0,3.841463414634146,True,0.1235410402933057,0.17905483,0.4864864864864865,5.766990291262136
dog8,07,False,0.22518755849941496,0.09542837,0.0,2.9635036496350367,True,0.15308068087782287,0.14356185,0.5,2.548780487804878,False,0.2246045836414609,0.1727281,0.9682539682539683,2.7184466019417477
duck_toy,00,True,0.1400920094592832,0.12787966,0.75,2.4963503649635035,True,0.19701500664465538,0.18378454,0.9903381642512077,2.051219512195122,True,0.18677503310422564,0.21826258,1.0,2.4854368932038833
duck_toy,01,True,0.20298438650571946,0.11966766,0.8181818181818182,2.759124087591241,True,0.24556082028168433,0.1010667,1.0,2.2390243902439027,True,0.21991045111002355,0.20614274,1.0,2.796116504854369
duck_toy,02,True,0.24719663063107455,0.103749655,1.0,1.8613138686131387,True,0.2246079652948466,0.1081396,1.0,1.5219512195121951,True,0.3064811773518872,0.19716641,1.0,2.0388349514563107
duck_toy,03,True,0.2199990676236545,0.10404846,1.0,1.4233576642335766,False,0.351334422188475,0.15662643,1.0,5.282926829268293,True,0.3231807012942177,0.2127955,0.98989898989899,1.6310679611650485
elephant,00,True,0.17222737358732745,0.13032492,1.0,1.9854014598540146,True,0.03139143216989255,0.13361567,0.9839228295819936,3.892682926829268,True,0.012166895413219947,0.15447392,0.9337748344370861,3.8446601941747574
elephant,01,True,0.2023080673974576,0.09962457,0.0,2.4525547445255476,False,0.5177139419410091,0.107605174,0.8944444444444445,4.660975609756098,True,0.308973732849335,0.14506678,0.9295774647887324,2.7184466019417477
elephant,02,False,0.34777618374072067,0.11888681,0.0,2.2773722627737225,False,0.6943933919873834,0.11719552,0.5773809523809523,4.404878048780488,False,0.3145388395015344,0.13812739,0.6923076923076923,2.912621359223301
elephant,03,True,0.13616791962829408,0.10078661,0.0,2.759124087591241,True,0.22391107719603515,0.099831514,0.9848866498740554,2.3341463414634145,True,0.24049176701360964,0.14771709,0.9423076923076923,1.8932038834951457
elephant,04,False,0.4137176119658454,0.11294078,0.0,2.0875912408759123,True,0.23952049495554734,0.103460625,0.5764705882352941,4.4,True,0.20533178658033333,0.12859136,0.7857142857142857,2.9902912621359223
fancy_boot,00,False,0.39932582949577333,0.14706191,0.32608695652173914,2.4525547445255476,False,0.3749393400020479,0.17834118,0.9739583333333334,1.9853658536585366,False,0.36987540072617076,0.16566512,0.9883720930232558,3.058252427184466
fancy_boot,01,True,0.14081077772510944,0.13482119,0.5384615384615384,1.897810218978102,False,0.197816458040576,0.1485678,0.9735234215885947,1.6097560975609757,False,0.20992583185337477,0.16320999,1.0,2.0970873786407767
fancy_boot,02,False,0.1581429248899089,0.13829714,0.3333333333333333,2.18978102189781,False,0.2005489107246283,0.2537862,0.9520624303232998,1.9,False,0.2554322103474447,0.15954399,0.9219858156028369,2.9902912621359223
fancy_boot,03,False,0.21196687146829,0.113732256,1.0,1.532846715328467,False,0.2757954185698383,0.22366165,0.8836363636363637,1.9317073170731707,True,0.18852251878206772,0.16835216,1.0,1.941747572815534
fancy_boot,04,False,0.39476120919589613,0.13848543,0.3333333333333333,2.408759124087591,False,0.38850266806212574,0.1784413,0.8117942283563363,2.075609756097561,False,0.35243877798652284,0.1645132,1.0,2.3980582524271843
fancy_boot,05,True,0.28794115984700563,0.12969372,0.19047619047619047,1.6131386861313868,True,0.08530342173267541,0.15438023,0.9963570127504554,1.6097560975609757,False,0.25984709841755843,0.16532306,0.9912280701754386,1.7475728155339805
grey_sloth_plushie,00,True,0.20133728336849224,0.13388826,0.4186046511627907,1.9854014598540146,True,0.12311915077990664,0.15869178,0.6875,4.682926829268292,False,0.4229129797849809,0.19185507,0.8925619834710744,2.1844660194174756
grey_sloth_plushie,01,True,0.3440164905569708,0.15383603,0.4583333333333333,4.029197080291971,False,0.2104664587357277,0.14907157,0.848605577689243,3.2439024390243905,False,0.34125175397792445,0.1777149,0.96875,2.854368932038835
grey_sloth_plushie,02,True,0.16788618990013116,0.14783277,0.7931034482758621,4.014598540145985,True,0.06493588758781671,0.15805212,0.9790575916230366,3.6146341463414635,False,0.25768508929086503,0.2126033,0.9779735682819384,4.058252427184466
grey_sloth_plushie,03,True,0.1390321764026951,0.14334825,0.42857142857142855,2.9124087591240877,True,0.24992807866856442,0.18436772,0.9940711462450593,2.546341463414634,True,0.19644829137277953,0.20236394,0.9939759036144579,2.970873786407767
grey_sloth_plushie,04,True,0.1924792439219618,0.13079156,0.5517241379310345,2.3576642335766422,False,0.15372674560007266,0.21600774,1.0,2.7804878048780486,True,0.2693804338801895,0.17603624,0.9352941176470588,3.495145631067961
monster_toy,00,True,0.09570187283056876,0.13965528,0.4117647058823529,2.335766423357664,True,0.07627608606580942,0.10312272,0.9235668789808917,6.34390243902439,True,0.12282021474945701,0.17839533,0.9764705882352941,2.621359223300971
monster_toy,01,True,0.11237745651009227,0.16672963,0.16666666666666666,3.854014598540146,False,0.313909390091466,0.13616,0.9644670050761421,7.560975609756097,True,0.03926973668165237,0.1996877,0.8514851485148515,4.466019417475728
monster_toy,02,True,0.08373911284003707,0.12031436,0.5555555555555556,1.897810218978102,True,0.12986310654061994,0.09789842,0.9683544303797469,2.8658536585365852,True,0.15298039640933686,0.15414919,0.8970588235294118,1.7475728155339805
monster_toy,03,True,0.15148064322917654,0.1343061,0.8571428571428571,1.9854014598540146,False,0.27305056967411,0.096881606,0.9468085106382979,7.902439024390244,True,0.13456572458303084,0.16888034,0.9661016949152542,1.9029126213592233
monster_toy,04,True,0.18448537671865373,0.15187939,0.0,3.6496350364963503,True,0.13143416343039424,0.12337908,1.0,2.9658536585365853,True,0.1665354308932067,0.19317193,0.4426229508196721,4.058252427184466
poop_emoji,00,True,0.04910953243251369,0.1080081,1.0,1.532846715328467,True,0.036501316295560096,0.17186809,1.0,5.8,True,0.23914423266493237,0.17705233,1.0,1.7475728155339805
poop_emoji,01,True,0.14812407543814454,0.13937548,0.6666666666666666,1.8613138686131387,True,0.14570298002101378,0.13080963,1.0,1.7682926829268293,True,0.23027055495493937,0.20074044,0.9722222222222222,1.766990291262136
poop_emoji,02,False,0.39256593980175186,0.15214007,0.5128205128205128,1.9854014598540146,True,0.10682747794802232,0.14313179,0.6567901234567901,3.9609756097560975,False,0.3297132828783319,0.20267159,0.9861111111111112,2.0388349514563107
poop_emoji,03,False,0.3857634489893583,0.10001582,1.0,2.2335766423357666,False,0.5113013011491655,0.14594512,0.47058823529411764,5.873170731707317,False,0.4831664219562783,0.16874963,1.0,5.300970873786408
poop_emoji,04,True,0.1776634711640061,0.116179556,0.96,1.7518248175182483,False,0.3486586338049738,0.1741144,0.9028776978417267,3.7804878048780486,True,0.17569830947281156,0.1802518,0.9594594594594594,1.766990291262136
rc_car,00,False,0.25710466571616036,0.114992626,0.0,1.8394160583941606,False,0.30499202072878706,0.10357739,0.4158415841584158,3.5414634146341464,True,0.1537029857990611,0.16561581,0.5892857142857143,2.0194174757281553
rc_car,01,False,0.39623279745444523,0.10121301,0.0,2.2992700729927007,True,0.05495966998978682,0.11346782,0.5222222222222223,2.653658536585366,False,0.43196309664247795,0.13584098,0.7857142857142857,2.796116504854369
rc_car,02,False,0.40089886927001794,0.11211362,0.0,1.8686131386861313,False,0.5024313344780486,0.10291443,0.7045454545454546,8.46829268292683,False,0.3262140351016903,0.13627467,0.2222222222222222,2.0194174757281553
rc_car,03,False,0.3831304198424722,0.105262116,0.0,2.4817518248175183,False,0.4778712869438593,0.09382972,0.2972972972972973,3.0682926829268293,False,0.28443602600784323,0.12851591,0.2916666666666667,2.796116504854369
rc_car,04,False,0.27722210645214906,0.10139852,0.0,1.4233576642335766,False,0.3684438152960961,0.10853923,0.7058823529411765,6.673170731707317,False,0.24887179126698394,0.15503095,0.90625,1.3883495145631068
red_cartoon,00,True,0.17414781475195276,0.11068044,0.6973684210526315,2.2992700729927007,True,0.23645842943505496,0.10849015,0.9833055091819699,1.6585365853658536,True,0.26431807882819863,0.09317844,0.9939393939393939,1.8155339805825244
red_cartoon,01,True,0.19850862520526172,0.11201854,0.4722222222222222,1.9927007299270072,True,0.2556168862151279,0.114343524,0.9875776397515528,1.575609756097561,False,0.24607474694849316,0.095366664,1.0,2.0970873786407767
red_cartoon,02,True,0.1840751822791199,0.1088028,0.7166666666666667,2.9124087591240877,True,0.19167474410444899,0.11968781,0.978134110787172,1.5609756097560976,True,0.20830815878163966,0.09336429,0.9927007299270073,1.8640776699029127
red_cartoon,03,True,0.22914692297355374,0.10754585,0.4642857142857143,1.802919708029197,True,0.12140974072407736,0.10369809,0.6619217081850534,1.6634146341463414,True,0.2600013986277918,0.08621938,1.0,2.3106796116504853
robot_toy,00,True,0.15428253717661877,0.123372145,0.0,3.4160583941605838,True,0.17365026399931266,0.1126535,0.2602040816326531,4.146341463414634,True,0.10241328347418464,0.146406,0.9103448275862069,3.3009708737864076
robot_toy,01,True,0.051643613459861834,0.13831602,0.0,2.7737226277372264,False,0.3456972498785039,0.13039085,0.3941176470588235,4.5,False,0.2811847406633656,0.18791595,0.9397590361445783,3.495145631067961
robot_toy,02,True,0.2056089601964904,0.12667158,0.0,2.5182481751824817,False,0.33342637669149455,0.12317505,0.28,3.402439024390244,True,0.15501218273975503,0.1910331,0.9714285714285714,2.7766990291262137
robot_toy,03,True,0.2623694365978001,0.13881356,0.0,2.4963503649635035,True,0.28403802535994827,0.14164889,0.27469135802469136,2.707317073170732,True,0.1510857248815973,0.2221859,0.865979381443299,2.6407766990291264
robot_toy,04,True,0.05647086394737763,0.092461325,0.0,2.0437956204379564,False,0.21511412560957158,0.14983165,0.31868131868131866,4.585365853658536,True,0.2549906098749746,0.1777669,0.9491525423728814,2.4757281553398056
round_bird,00,False,0.6058089876100461,0.11912634,0.48,1.8613138686131387,False,0.5707206521052809,0.12898135,0.7327718223583461,3.3365853658536584,True,0.39065755249292167,0.13042201,1.0,1.8932038834951457
round_bird,01,False,0.6809374864347851,0.117492005,0.3076923076923077,1.9708029197080292,False,1.0794214322140252,0.12253528,0.45029736618521665,3.0585365853658537,False,0.6457853720388694,0.120324366,1.0,2.0388349514563107
round_bird,02,False,0.5466544777820331,0.11096551,0.2857142857142857,2.408759124087591,False,0.49774927702928906,0.114716634,0.7284722222222222,4.078048780487805,False,0.5674983902767917,0.1339911,0.9292929292929293,2.3980582524271843
round_bird,03,False,0.3828564968370781,0.11686762,0.6923076923076923,2.605839416058394,False,0.3983852071179057,0.13281104,0.42088998763906055,3.892682926829268,False,0.2777725974686472,0.12669486,1.0,2.796116504854369
round_bird,04,True,0.21724203592973532,0.11688784,0.2727272727272727,1.9708029197080292,True,0.30456278051015984,0.148592,0.5052430886558628,4.185365853658537,True,0.42573182855085673,0.14047292,0.9739130434782609,2.174757281553398
shiny_sneaker,00,True,0.07547802740385129,0.12165564,1.0,1.489051094890511,True,0.12625641512334237,0.11489786,0.9938650306748467,7.463414634146342,True,0.16568417768115992,0.16586295,0.9473684210526315,1.6019417475728155
shiny_sneaker,01,True,0.1832119107293006,0.12759246,0.8,2.18978102189781,True,0.101337766278617,0.10085174,0.9887218045112782,2.048780487804878,True,0.18848307642559836,0.12188849,1.0,2.3980582524271843
shiny_sneaker,02,False,0.3331009404788456,0.13084258,0.8571428571428571,1.927007299270073,False,0.4340921936692075,0.14996335,1.0,1.7560975609756098,False,0.3452186455222256,0.13906088,0.5357142857142857,2.0388349514563107
shiny_sneaker,03,True,0.1245599232776706,0.14216888,0.8181818181818182,1.9927007299270072,True,0.1951985133471405,0.12707068,0.9894736842105263,1.7170731707317073,False,0.21607335115958584,0.18370426,0.8620689655172413,2.029126213592233
shiny_sneaker,04,False,0.5898029554904587,0.12122133,0.8888888888888888,2.9562043795620436,False,0.46173262602076776,0.12231913,1.0,6.146341463414634,False,0.5988706463156729,0.16700047,0.96875,1.766990291262136
shiny_sneaker,05,True,0.19097350420323145,0.13176434,0.6666666666666666,2.3503649635036497,True,0.24669203528481523,0.15566766,0.8661616161616161,2.0390243902439025,True,0.31554801162895807,0.14363213,1.0,2.679611650485437
table,00,False,0.560271358314442,0.18487401,0.5573770491803278,2.846715328467153,True,0.0784385155214185,0.14601165,0.4041095890410959,2.6634146341463416,False,0.6463332890065746,0.16957974,0.9935897435897436,2.7766990291262137
table,01,False,0.4135466448059163,0.20554735,0.3695652173913043,3.4744525547445257,True,0.06985179799488514,0.1686096,0.760593220338983,3.4829268292682927,True,0.11792483530869732,0.1876395,0.9171974522292994,4.660194174757281
table,02,True,0.36460630772145614,0.20983504,0.31092436974789917,3.846715328467153,True,0.07502409483759664,0.15424077,0.5443037974683544,3.6682926829268294,True,0.3709698256765856,0.18245226,0.9411764705882353,4.718446601941747
table,03,True,0.44028920981627495,0.18694252,0.7747747747747747,2.656934306569343,False,0.1087598969683812,0.15157421,0.4652173913043478,2.6,True,0.43863994847506177,0.1676232,0.9402985074626866,2.9902912621359223
teapot,00,False,0.4715717851837944,0.12583128,0.9629629629629629,1.8686131386861313,False,0.4106440587556392,0.114972554,0.7982300884955752,1.951219512195122,False,0.5998623554782432,0.15394069,0.9933774834437086,2.0388349514563107
teapot,01,True,0.2224934298981197,0.09103608,1.0,2.562043795620438,False,0.3822939680811126,0.16624823,0.7659574468085106,3.4829268292682927,False,0.42351075634780505,0.15695713,0.918918918918919,2.563106796116505
teapot,02,False,0.38256092795132607,0.106583595,0.55,1.635036496350365,False,0.6351489684139903,0.12109763,0.5751503006012024,2.107317073170732,False,0.63601838758773,0.17775059,1.0,2.0388349514563107
teapot,03,True,0.16072327365734385,0.08667424,1.0,3.5474452554744524,False,0.31535961343140967,0.11153516,0.6666666666666666,4.170731707317073,True,0.09344661824864739,0.13410984,0.9736842105263158,6.029126213592233
teapot,04,True,0.18171789620859866,0.095574215,0.7333333333333333,1.4014598540145986,False,0.38758501162655395,0.10700459,0.3783783783783784,3.3536585365853657,True,0.19791153800792652,0.12017448,1.0,1.7087378640776698
teddybear,00,True,0.012645048513483395,0.14959566,0.3220338983050847,2.4817518248175183,False,0.2741730452400121,0.11710343,0.5100222717149221,2.15609756097561,True,0.36151730895615,0.19751142,0.9846938775510204,2.766990291262136
teddybear,01,True,0.05880159314364422,0.1469868,0.25925925925925924,3.9416058394160585,True,0.14561147514974684,0.13093546,0.4511173184357542,3.5121951219512195,False,0.28088821324581836,0.21116951,0.9924242424242424,4.194174757281553
teddybear,02,True,0.08051386221742157,0.19068609,0.21052631578947367,4.233576642335766,False,0.2232375834033906,0.1478505,0.33507853403141363,2.5609756097560976,False,0.3108514970594936,0.23518975,0.9539170506912442,4.543689320388349
teddybear,03,True,0.08217004786206057,0.2090257,0.23809523809523808,4.700729927007299,True,0.02191618510571318,0.14622602,0.532130777903044,4.060975609756097,False,0.36400626442391326,0.20241047,0.9894366197183099,4.854368932038835
teddybear,04,True,0.04172180383292208,0.16439587,0.23076923076923078,3.7445255474452557,False,0.3606407005611333,0.15802333,0.3825396825396825,2.9634146341463414,False,0.2986041817433058,0.20174696,0.9911504424778761,4.12621359223301
teddybear,05,True,0.13250694823425663,0.16607033,0.27586206896551724,3.81021897810219,False,0.30822443192656335,0.1363515,0.4771505376344086,3.5121951219512195,False,0.296648382982177,0.20346749,0.9921568627450981,4.12621359223301
teddybear,06,True,0.18858204894957767,0.15634571,0.13793103448275862,3.218978102189781,False,0.5035991652030885,0.13822503,0.6022544283413849,2.9853658536585366,False,0.38190461385961105,0.20175824,0.9861751152073732,3.320388349514563
thin_bird,00,False,0.2713804314661051,0.15304933,0.96875,3.5036496350364965,False,0.29476867930702927,0.13763696,0.4309954751131222,5.421951219512195,False,0.3134482250082302,0.18318759,0.9925925925925926,3.6699029126213594
thin_bird,01,False,0.7151316502564417,0.1292436,0.9375,1.927007299270073,False,0.8308347024980357,0.118123285,0.49823819591261453,3.2780487804878047,False,0.6288083228944021,0.13555966,1.0,2.3300970873786406
thin_bird,02,False,0.5272705176239543,0.11368668,1.0,2.8905109489051095,False,0.5587592737209842,0.11648848,0.7422053231939163,3.8634146341463413,False,0.5703081015500945,0.13361108,1.0,3.1359223300970873
thin_bird,03,False,0.2973119462656122,0.108425595,0.7837837837837838,2.4817518248175183,False,0.3384520583471552,0.11433668,0.44642857142857145,5.429268292682927,False,0.3215938123831349,0.16520104,1.0,2.621359223300971
tortoise_plushy,00,True,0.23161982943124493,0.14117137,1.0,4.656934306569343,False,0.34463386741716623,0.15497631,0.5003756574004508,3.704878048780488,True,0.1486113756928953,0.12892646,0.9811320754716981,4.543689320388349
tortoise_plushy,01,True,0.28497064081306367,0.14209846,0.0,4.029197080291971,True,0.27173995904783066,0.17893496,0.569216757741348,3.8634146341463413,True,0.20995725384650793,0.13084674,1.0,4.893203883495145
tortoise_plushy,02,True,0.3073065815437954,0.13641228,0.0,4.744525547445256,False,0.3138946063361263,0.16953407,0.4911242603550296,3.995121951219512,False,0.39016533402538267,0.12977773,0.9955357142857143,4.893203883495145
tortoise_plushy,03,True,0.24909750117115112,0.13061604,0.0,3.4744525547445257,True,0.18762497381735774,0.17181884,0.6828143021914648,2.4682926829268292,True,0.26406972335777157,0.121500455,0.5757575757575758,3.1553398058252426
tortoise_plushy,04,True,0.209871194998357,0.1399964,0.5,5.605839416058394,False,0.338511089584941,0.16160795,0.4951203643461288,4.229268292682927,True,0.20904836686645734,0.11930938,0.9322033898305084,6.524271844660194
tortoise_plushy,05,True,0.1398643748475691,0.1406427,0.0,4.014598540145985,True,0.30687340833822657,0.16544111,0.6039142590866728,3.926829268292683,True,0.18074774804758323,0.12691385,0.9281767955801105,4.660194174757281
tortoise_plushy,06,True,0.25466193046751834,0.14085314,0.0,5.08029197080292,True,0.35968106164827446,0.16819249,0.6079494128274616,3.926829268292683,True,0.22601572465234648,0.12984687,0.9193548387096774,4.660194174757281
tortoise_plushy,07,True,0.0620328885073946,0.13457915,0.0,5.313868613138686,True,0.24822927027126793,0.130787,0.5124703087885986,3.9853658536585366,True,0.05964229571359166,0.12916175,0.9316239316239316,4.854368932038835
tortoise_plushy,08,True,0.07353202973444523,0.13751799,0.0,4.160583941605839,True,0.191366986741537,0.13315178,0.542191435768262,3.1707317073170733,True,0.19414479855600555,0.13542566,0.4583333333333333,5.349514563106796
tortoise_plushy,09,False,0.2973778224616435,0.13361187,0.0,4.978102189781022,True,0.1642139272945683,0.14558317,0.5134048257372654,3.7487804878048783,True,0.13616814864135277,0.140621,0.6590909090909091,5.504854368932039
tortoise_plushy,10,True,0.14323124815301305,0.12243085,0.0,4.4963503649635035,True,0.3078984291164706,0.14836328,0.5134914145543745,3.6682926829268294,False,0.3305246204854915,0.14911841,0.9337349397590361,4.796116504854369
tortoise_plushy,11,True,0.14162267606480364,0.13712971,0.0,5.124087591240876,True,0.286685808984292,0.14402936,0.522508038585209,3.902439024390244,False,0.23554178025831385,0.17874694,0.995049504950495,5.135922330097087
wolf_plushie,00,True,0.2062852847927642,0.15529518,0.2222222222222222,3.153284671532847,False,0.3608747073199124,0.15251459,0.566990291262136,3.790243902439024,True,0.1489413447975115,0.19022019,0.9923076923076923,2.912621359223301
wolf_plushie,01,True,0.22247581135439704,0.1368401,0.25,2.4817518248175183,True,0.1264946389245113,0.17106844,0.8571428571428571,2.15609756097561,True,0.01484812071718983,0.19004323,0.8117647058823529,2.3300970873786406
wolf_plushie,02,False,0.4430530363249591,0.14091215,0.375,2.102189781021898,True,0.10229194170620581,0.15760514,0.7347560975609756,5.326829268292683,True,0.20973976879386588,0.18154514,0.8823529411764706,2.4757281553398056
wolf_plushie,03,False,0.43285829650448243,0.14907742,0.4117647058823529,3.18978102189781,True,0.2736748907442948,0.14242591,0.7210526315789474,2.6341463414634148,False,0.3059935615645838,0.1899695,0.9903846153846154,3.1359223300970873
wolf_plushie,04,True,0.13714019995686444,0.17702955,0.5625,4.868613138686132,False,0.09899886076936601,0.18405673,0.6171284634760705,3.2195121951219514,False,0.2981071616795985,0.18405221,0.9659090909090909,3.7281553398058254
wooden_pot,00,True,0.0646512743547361,0.12327059,0.24242424242424243,2.335766423357664,True,0.05015010054840323,0.14618264,0.998898678414097,3.073170731707317,True,0.13628272900728627,0.15082021,0.8974358974358975,3.3009708737864076
wooden_pot,01,True,0.07467897938863713,0.11534952,0.2916666666666667,2.854014598540146,True,0.10726494376470747,0.1230134,0.9885496183206107,2.5365853658536586,True,0.13744886961578323,0.13461997,0.8351648351648352,2.766990291262136
wooden_pot,02,True,0.11442236711006257,0.13361907,0.2222222222222222,4.175182481751825,False,0.351891273516382,0.11860159,0.6847389558232931,3.731707317073171,True,0.07448418942628321,0.14689004,0.7638888888888888,4.271844660194175
wooden_pot,03,True,0.17655768441017325,0.14208424,0.1875,2.627737226277372,True,0.12264850073919654,0.124245755,0.8388746803069054,3.7829268292682925,True,0.26243349250414433,0.15108645,0.9358974358974359,3.8737864077669903
